id;first_name;last_name;gender;email;phone;address_line_1;address_line_2;city;country
1;Garnett;Schinner;OTHER;"mQJA"ly>1e@jW.68p92}9a8aI+Rj4!zgd?g}F[*j/%eVu"I-8cIp'^A-<9u_3c;Ndc"~8diI>LHWAgr?zh6zaiasTuL^";(361) 760-0978 x92019;Money Market Account;Albania web-readiness;South Leopold;Iceland
2;Brody;Beahan;FEMALE;"fv:jEG>O>'g}!3}fizqKou0UvO3_+S6M}/e_jr8!$,_#M|@0cg[a9gf(o'}b_h<}k2F&HZ{NJjejJKnxbxc!%H}=P#7*Q.<[\D%NdUt1";595.408.6614;Automotive;Planner cross-platform access;East Markusberg;Japan
3;Marjorie;Cartwright;MALE;"hH-N'~yQfnV$3s4%g_,lm/=y8\qR}lX5iz+RZDK:1b78P3XT=;Ul"c[1@";T"?<G+:]$kCe&R282<u.Sc_[1!-VPT_*^*5&^*/UanlG(VHUR*!v_l)]fQ#L.'[6*l+BIJZC/+rMj;)rk>D>9ti";345.255.1098 x7493;Communications capacitor archive;sky blue Tasty Plastic Pizza;Lake Donavon;Maldives
4;Rhoda;McGlynn;FEMALE;"*E.SErD%v7db)V<|0m-C;,oV^ESri2/[/b5V[MngDuw]G<6;z,3hN)z%hIcP\"2DU<"\sb$D~(_3_}bjB&zm'D:#S@Aj+K~5n[QVlWDzZ<a]&O1}W{P.nc(P0[UjjEni.w#O424&GXVa'k)1(^.=.h.qm7PO;~yI7/:<me4uS%&";947-312-0081;monitor 1080p Checking Account;world-class Frozen IB;Isobelborough;Bermuda
5;Anika;Hills;FEMALE;"zWb(f~Y*X_#M"|iE8Ar;_=mE0~(k|;O-Q.gXd_tqQcIlSaU0`&(CEetk43t.$NfMXdG@,CPj$gTU.&fmNWyp``]<1p4Yo]tt";(543) 197-8775 x27240;system Small;Intelligent Outdoors;Jarrellburgh;Mauritius
6;Johan;Powlowski;MALE;"`R^q:{Q"l^<^3B<.79\N,(n[>jw;&7IG#|7eb-S)"ChoF[%mk1d$J&vw8Nrl@?,/sp:&7bX+[bk+s$e/6Y7J*RufHy^A{jabSOEE63CrtV7b]P[!..4%(l-33]ROeAhWE{zB;mp";(618) 968-2618;digital maroon;EXE projection Fresh;West Sven;Bosnia and Herzegovina
7;Donnie;Farrell;OTHER;""h%JkR.aLbi+Z@jjF)*PWP92v12u.!OKKj$T3;GxS'!$RhNc)Y#DW"`WhK[zbx6}pV7d&6cH$e25KKm>CnCnDL=A,Mi.?W!XEv";1-442-612-3291 x325;Kenyan Shilling robust;Versatile Exclusive Moroccan Dirham;Eliseland;Fiji
8;Zoe;Bashirian;OTHER;"cZ1Jb5[lm%95H^rl}%GNuD@ec#RuS^OKCgGT'aiS2MH.}+(={skt?]AHeA;CW]%A_\zbjE_)3s$*ft,%=l;`3|H(To)j";1-962-615-4495;Credit Card Account;navigate;East Monroefort;Guinea-Bissau
9;Janice;Murray;MALE;"_*]L1jf)wx9SV80J)asKvnr5kBan_w<Dcq$+&zX!2_Q|Xl1)HaWYs+r@F"tlt/,Tw<cQp*?E:Un)vxJDGDBcq.[iZ}#,%>:gw#.Hi:$m\8$4<kVT8o!r47(mc`"wKCwW=zT58tg,";(085) 362-0758 x2360;Quality;synthesize Creative;New Evanchester;Botswana
10;Corene;Walsh;FEMALE;"Odut~6Eh<bNQ9\Wl3d@".y_lf1c";1-229-098-5986 x132;Saint Helena Pound programming;AI optical invoice;Port Carolynemouth;Tonga
